{"title":"a","icon":null,"fields":{"Player":{"speed":{"id":null,"title":"Speed","type":"single","defaultValue":-5,"constraints":{},"section":"","order":4,"localization":0,"options":{}}}},"assets":{},"sections":[],"preloader":{"fields":{"System.String":{"Playable Name":{"id":"parameter\/preloader\/name","title":"Playable Name","type":"string","defaultValue":[null],"constraints":{},"section":"Preloader","order":1,"localization":0,"options":{}}},"UnityEngine.Color":{"Background Color":{"id":"parameter\/preloader\/color","title":"Background Color","type":"color","defaultValue":[0,0,0,1],"constraints":{},"section":"Preloader","order":2,"localization":0,"options":{}}}},"assets":{"":{"id":"asset\/preloader\/icon","title":"","type":"texture","section":"Preloader","order":0}},"sections":[{"title":"Preloader","order":0,"fixed":1}]},"buildId":"00f63c51-9913-4231-b26b-89fa8deb55ed"}